[
    {
        "id": 1,
        "title": "Sapiens: A Brief History of Humankind",
        "author": "Yuval Noah Harari",
        "isbn": "9780062316097",
        "availability": true,
        "publication_year": "2011",
        "genre": "History"
    },
    {
        "id": 2,
        "title": "Clean Code",
        "author": "Robert C. Martin",
        "isbn": "9780132350884",
        "availability": true,
        "publication_year": "2008",
        "genre": "Programming"
    },
    {
        "id": 3,
        "title": "The Hobbit",
        "author": "J.R.R. Tolkien",
        "isbn": "9780547928227",
        "availability": true,
        "publication_year": "1937",
        "genre": "Fantasy"
    },
    {
        "id": 4,
        "title": "Thinking, Fast and Slow",
        "author": "Daniel Kahneman",
        "isbn": "9780374533557",
        "availability": false,
        "publication_year": "2011",
        "genre": "Psychology"
    },
    {
        "id": 5,
        "title": "Atomic Habits",
        "author": "James Clear",
        "isbn": "9780735211292",
        "availability": true,
        "publication_year": "2018",
        "genre": "Self-help"
    }
]